1,Kathey,Kilback,1973-08-31 14:39:12,USA,janine.schoen@hotmail.com,2017-01-23 23:11:11,2018-02-23 05:22:10,"DOCTOR"
2,Brittani,Schuster,2004-04-01 18:46:29,Nepal,kathryn.macejkovic@gmail.com,2015-04-17 23:59:05,2018-09-12 09:24:08,"PATIENT"
3,Marlen,Vandervort,1985-12-15 23:59:27,Nepal,arlie.robel@yahoo.com,2017-03-31 21:13:18,2018-02-27 05:01:29,"DOCTOR"
4,Art,Koch,1978-08-10 20:51:12,Nigeria,adrianne.lynch@hotmail.com,2019-04-27 07:43:08,2020-01-25 07:40:17,"PATIENT"
5,Celia,Bode,1972-03-14 20:00:53,Ethiopia,eun.durgan@yahoo.com,2020-03-23 07:09:29,2020-04-12 02:39:37,"PATIENT"
6,Shaunte,Kemmer,1993-12-08 10:10:27,USA,gillian.schaefer@gmail.com,2019-05-24 21:20:05,2019-09-25 19:56:53,"PATIENT"
7,Kacie,Homenick,2006-01-29 01:55:42,Nigeria,sebrina.marquardt@yahoo.com,2019-01-04 11:04:03,2019-02-14 10:00:09,"PATIENT"
8,Evelyne,Kovacek,1972-05-27 05:05:27,Ethiopia,tomeka.mante@gmail.com,2018-01-10 02:31:25,2019-11-30 02:29:38,"DOCTOR"
9,Fiona,Cronin,1990-09-13 00:58:56,USA,austin.goodwin@hotmail.com,2018-02-23 00:00:40,2019-12-05 19:51:53,"PATIENT"
10,Dedra,Ortiz,1996-10-03 08:14:45,Nigeria,alfred.hackett@gmail.com,2017-11-22 06:18:36,2019-04-26 04:48:52,"PATIENT"
11,Jay,Flatley,1982-06-30 08:30:11,USA,cori.gorczany@yahoo.com,2016-08-29 20:51:28,2019-08-10 12:12:12,"PATIENT"
12,Isaiah,McLaughlin,2002-02-01 23:39:26,USA,shelly.gottlieb@hotmail.com,2017-12-28 10:27:41,2020-03-31 20:04:38,"DOCTOR"
13,Rafaela,Raynor,1976-08-15 18:20:52,Nigeria,janyce.reynolds@hotmail.com,2016-03-04 12:26:11,2017-11-11 13:19:26,"PATIENT"
14,Tammara,Paucek,2001-06-08 15:53:49,Nepal,vonda.klein@yahoo.com,2019-03-20 10:27:50,2019-09-01 00:09:18,"PATIENT"
15,Roberta,D'Amore,1986-09-26 11:57:00,Ethiopia,keneth.dietrich@hotmail.com,2018-11-19 10:15:29,2019-07-27 18:14:48,"PATIENT"
16,Aron,Conroy,2003-09-12 19:14:16,Ethiopia,hans.jacobson@gmail.com,2017-05-22 14:28:06,2020-03-01 12:00:46,"PATIENT"
17,Latashia,Corwin,1973-04-11 14:18:31,Nigeria,steve.armstrong@hotmail.com,2016-11-21 19:10:16,2017-08-19 17:42:26,"PATIENT"
18,Tena,Borer,2002-08-26 13:57:35,Nepal,cleveland.bosco@yahoo.com,2019-10-07 22:44:44,2019-12-25 04:17:39,"PATIENT"
19,Shandra,Fisher,1980-09-04 02:33:40,Nigeria,lachelle.walker@hotmail.com,2017-08-08 00:03:11,2019-01-22 16:18:31,"PATIENT"
20,Darron,Wisozk,1993-01-03 11:26:03,Ethiopia,georgine.champlin@yahoo.com,2019-06-26 03:35:17,2020-01-15 07:27:45,"PATIENT"
21,Charleen,Beier,1982-10-21 13:29:03,Ethiopia,mammie.olson@yahoo.com,2016-10-22 14:55:18,2020-03-03 22:00:19,"PATIENT"
22,Neil,Murazik,1996-01-16 11:46:41,Nepal,bette.rogahn@gmail.com,2015-10-06 02:24:50,2019-09-18 16:51:58,"PATIENT"
23,Mittie,Cassin,1970-08-16 17:55:01,Nepal,adam.volkman@gmail.com,2015-06-09 22:51:06,2019-02-02 18:52:19,"PATIENT"
24,Louis,Mosciski,1984-03-13 11:41:55,USA,aurore.ebert@gmail.com,2020-03-19 13:15:44,2020-04-04 14:26:41,"PATIENT"
25,King,Pfannerstill,1974-07-30 22:02:09,Nigeria,solange.simonis@yahoo.com,2015-10-13 18:27:52,2017-08-25 04:21:00,"DOCTOR"
26,William,Padberg,1987-07-20 22:51:24,USA,fritz.kuhn@hotmail.com,2019-11-08 16:24:44,2019-12-26 10:16:01,"DOCTOR"
27,Lon,Shields,1987-02-22 06:35:05,Nepal,shonna.ruecker@hotmail.com,2017-12-11 21:48:57,2018-09-03 13:00:31,"PATIENT"
28,Kim,Satterfield,1998-10-04 09:07:26,Ethiopia,odilia.ondricka@hotmail.com,2019-03-08 22:46:36,2020-02-09 08:45:37,"PATIENT"
29,Jonathon,Wiza,2003-05-13 07:44:18,Ethiopia,quinton.kerluke@yahoo.com,2016-07-31 19:42:21,2018-05-22 09:12:23,"DOCTOR"
30,Yasmine,Fisher,2001-12-26 15:36:55,USA,sammy.dickinson@yahoo.com,2019-07-28 20:12:28,2020-03-08 06:17:22,"DOCTOR"
31,Otto,Runolfsson,1976-02-03 03:34:41,USA,norbert.flatley@gmail.com,2015-12-06 22:06:19,2019-03-06 13:44:39,"DOCTOR"
32,Wiley,Schimmel,2005-09-07 06:04:10,Nepal,janina.stroman@gmail.com,2016-04-20 14:52:34,2019-05-29 03:23:00,"PATIENT"
33,Jimmie,Renner,1971-08-15 13:05:26,Nigeria,hilton.gibson@hotmail.com,2015-06-18 16:31:30,2015-06-22 03:36:09,"PATIENT"
34,Nana,Heller,1990-04-01 08:04:28,USA,forrest.beer@hotmail.com,2018-10-15 00:43:53,2018-12-04 20:04:51,"PATIENT"
35,Hans,Rath,1988-11-24 02:00:21,Ethiopia,aleen.brakus@hotmail.com,2019-04-02 09:02:47,2019-10-31 01:02:02,"DOCTOR"
36,Clyde,Jast,1980-11-26 04:08:54,USA,bree.von@yahoo.com,2016-10-19 09:57:42,2016-12-01 04:18:48,"PATIENT"
37,Beau,Schoen,2004-03-15 22:56:35,USA,ian.king@gmail.com,2018-08-23 14:00:50,2018-12-02 06:14:41,"PATIENT"
38,Ngan,Prosacco,1970-10-25 20:16:51,USA,amberly.welch@gmail.com,2015-06-19 11:46:09,2019-10-21 03:08:22,"PATIENT"
39,Vertie,Stroman,2000-10-08 17:59:17,Nigeria,kala.simonis@gmail.com,2017-05-15 10:28:35,2017-12-11 04:43:05,"PATIENT"
40,Erick,Reichert,1983-03-02 07:03:02,Nigeria,cristobal.marquardt@hotmail.com,2019-06-22 16:00:53,2019-07-18 21:31:45,"PATIENT"
41,Tawny,Streich,2005-01-03 13:39:42,Nigeria,andrea.reynolds@gmail.com,2018-02-03 05:44:03,2019-02-14 17:18:34,"DOCTOR"
42,Jeff,Kuphal,1988-05-07 22:48:29,Ethiopia,johnie.adams@hotmail.com,2018-12-02 01:39:35,2019-10-29 09:21:15,"DOCTOR"
43,Claudine,Monahan,1997-11-19 13:34:00,Nepal,dylan.lemke@gmail.com,2015-10-24 06:59:29,2016-01-31 00:41:53,"PATIENT"
44,Tonda,Walsh,2001-11-16 20:40:28,Ethiopia,clifford.brekke@hotmail.com,2019-02-02 12:11:02,2019-05-17 04:30:10,"PATIENT"
45,June,Rippin,1999-01-16 08:34:17,Nigeria,cordia.waelchi@gmail.com,2019-09-26 03:59:15,2019-12-25 21:36:26,"DOCTOR"
46,Franklin,Shanahan,1989-10-25 12:13:03,Nigeria,rhona.donnelly@yahoo.com,2016-04-10 17:50:54,2017-01-28 18:12:53,"PATIENT"
47,Lavonna,Herzog,2005-08-08 03:18:47,Ethiopia,dwain.howell@hotmail.com,2018-09-18 03:56:56,2018-10-26 17:45:14,"DOCTOR"
48,Felice,Klein,2006-02-22 13:47:17,Nigeria,georgeann.waelchi@hotmail.com,2019-03-21 13:18:45,2020-03-24 11:25:53,"DOCTOR"
49,Joshua,Mante,1978-03-19 08:34:08,Nepal,maren.stamm@yahoo.com,2017-04-12 19:37:45,2018-01-07 01:17:55,"DOCTOR"
50,Sergio,Bogan,1996-02-19 14:42:21,USA,jess.torp@hotmail.com,2017-10-23 04:02:59,2018-01-24 17:24:33,"PATIENT"
51,Robin,Runolfsson,1979-01-21 11:14:32,Ethiopia,felton.wisozk@gmail.com,2018-09-15 14:34:49,2019-06-24 22:31:24,"DOCTOR"
52,Maricruz,Hansen,1987-11-06 08:53:45,Nepal,frankie.fahey@gmail.com,2017-08-23 04:12:10,2018-01-01 13:12:59,"PATIENT"
53,Luis,Senger,1999-05-06 01:13:55,Ethiopia,arla.labadie@hotmail.com,2020-03-17 10:45:31,2020-03-25 19:15:34,"PATIENT"
54,Dagmar,Durgan,2002-11-25 04:38:24,USA,sherman.howe@yahoo.com,2018-09-08 09:10:38,2019-03-01 09:09:36,"PATIENT"
55,Prince,Shields,1985-04-06 12:57:41,USA,sal.kunze@gmail.com,2016-01-22 17:59:36,2017-04-16 16:25:42,"PATIENT"
56,Elna,Smitham,1999-08-25 20:55:12,Ethiopia,georgine.schiller@gmail.com,2017-08-23 15:39:13,2019-10-03 07:56:59,"DOCTOR"
57,Mervin,Greenholt,1994-12-16 02:31:05,Nigeria,orlando.koch@gmail.com,2019-10-23 17:34:16,2020-03-23 19:17:30,"DOCTOR"
58,Fern,Brown,1986-01-01 04:26:45,Nigeria,mel.bartell@hotmail.com,2017-10-29 17:39:58,2019-07-20 02:39:29,"DOCTOR"
59,Wilhelmina,Carter,1993-05-09 20:59:15,Nigeria,tana.deckow@yahoo.com,2017-07-03 09:20:50,2017-11-03 09:00:16,"PATIENT"
60,Gabriel,Fahey,1986-07-06 15:28:22,Nepal,heriberto.stokes@yahoo.com,2017-06-27 08:41:46,2018-05-30 08:35:49,"PATIENT"
61,Phung,Borer,1999-06-16 10:13:00,USA,odis.tremblay@hotmail.com,2018-03-22 17:13:13,2020-01-22 05:43:51,"DOCTOR"
62,Fidel,Pollich,1977-07-23 16:18:36,Nepal,alethea.mccullough@yahoo.com,2016-08-14 02:08:27,2018-01-14 14:12:08,"DOCTOR"
63,Moises,Rath,1978-04-23 14:47:55,Nigeria,huong.batz@hotmail.com,2018-11-30 13:27:57,2020-02-04 04:22:51,"PATIENT"
64,Ruben,Rohan,2005-03-31 06:36:37,Ethiopia,belinda.howe@hotmail.com,2018-03-30 14:46:31,2018-08-28 13:08:56,"PATIENT"
65,Randolph,Dickinson,1997-11-06 21:03:23,Nepal,quentin.franecki@yahoo.com,2016-06-12 20:39:05,2016-10-18 13:04:01,"PATIENT"
66,Margert,Emmerich,1995-02-09 10:17:13,Nepal,linda.dooley@gmail.com,2015-10-12 14:22:05,2015-12-11 15:22:58,"PATIENT"
67,Margarette,Sipes,1987-02-22 08:40:16,USA,mohamed.hegmann@yahoo.com,2019-05-01 22:08:40,2019-08-08 13:41:07,"DOCTOR"
68,Belle,Jast,1979-12-13 06:36:58,USA,andy.glover@yahoo.com,2016-12-09 04:53:09,2017-04-24 02:29:29,"PATIENT"
69,Johnny,Collins,1974-07-22 15:27:46,Nepal,waneta.wintheiser@hotmail.com,2015-09-22 21:05:22,2015-11-18 10:48:51,"PATIENT"
70,Iesha,Ondricka,2003-04-06 11:13:43,Nigeria,alonso.pollich@hotmail.com,2018-06-27 06:20:01,2019-08-07 18:38:08,"PATIENT"
71,Filiberto,Mueller,1998-01-29 11:14:23,Ethiopia,merilyn.hegmann@hotmail.com,2019-12-07 15:40:17,2020-01-10 23:59:40,"DOCTOR"
72,Aurelio,Blick,1994-07-18 10:18:57,Nigeria,vivienne.cummerata@gmail.com,2019-12-29 21:52:03,2020-04-09 01:28:14,"PATIENT"
73,Sanford,Halvorson,1993-07-17 06:26:59,Nepal,socorro.dicki@yahoo.com,2016-06-23 08:35:40,2019-06-16 20:51:39,"PATIENT"
74,Earl,Goodwin,1975-03-24 09:14:27,Ethiopia,shyla.schoen@yahoo.com,2018-12-19 21:45:54,2019-03-08 15:01:31,"DOCTOR"
75,Portia,Ritchie,2003-05-23 08:18:46,Nepal,cary.von@yahoo.com,2017-04-03 15:48:36,2017-05-20 00:54:41,"PATIENT"
76,Windy,Wintheiser,2002-01-18 01:54:07,Nepal,alphonso.erdman@gmail.com,2018-05-08 12:21:47,2018-07-02 19:17:55,"PATIENT"
77,Elvie,Lindgren,1973-04-25 03:51:54,Nigeria,kristine.spinka@hotmail.com,2017-03-13 19:00:13,2017-09-04 13:13:42,"PATIENT"
78,Li,Bergstrom,1974-10-22 21:39:31,Ethiopia,milo.littel@hotmail.com,2015-12-20 07:32:26,2019-10-23 18:10:06,"PATIENT"
79,Elvin,Simonis,2002-10-11 17:33:23,Ethiopia,myles.paucek@yahoo.com,2015-12-31 14:10:13,2016-08-27 06:07:48,"PATIENT"
80,Cheree,Auer,1979-04-23 22:00:16,Nepal,anderson.kuphal@gmail.com,2017-09-18 11:57:33,2018-12-11 10:15:49,"PATIENT"
81,Ileen,Connelly,1970-05-12 20:32:41,Nepal,benton.gibson@hotmail.com,2017-12-04 00:34:58,2019-10-25 02:54:31,"PATIENT"
82,Lisbeth,Howe,1979-11-28 08:58:03,Ethiopia,daron.schinner@yahoo.com,2015-12-26 11:52:43,2018-11-01 23:08:31,"PATIENT"
83,Brain,Leannon,1979-12-18 02:03:08,Ethiopia,karine.koepp@gmail.com,2018-09-12 02:05:00,2019-12-01 18:57:24,"PATIENT"
84,Cornelius,Parisian,2001-02-23 15:39:40,Nepal,guy.ziemann@hotmail.com,2017-04-22 18:46:56,2019-02-10 22:13:44,"DOCTOR"
85,Malinda,Kirlin,1982-06-18 14:45:11,Nepal,ruth.russel@gmail.com,2015-05-27 10:02:01,2020-02-23 00:22:30,"PATIENT"
86,Les,Rogahn,1973-06-12 07:04:18,Nepal,maryln.stamm@gmail.com,2019-04-10 21:14:38,2019-10-08 00:38:37,"PATIENT"
87,Von,Turner,1987-09-23 18:27:58,Nigeria,tabitha.nienow@gmail.com,2019-10-12 06:17:35,2020-01-01 16:04:21,"PATIENT"
88,Delana,Koch,1991-06-20 09:27:08,Nepal,joella.grimes@hotmail.com,2017-04-09 22:57:46,2019-05-18 06:31:33,"PATIENT"
89,Letty,Rau,1990-06-07 16:21:19,Ethiopia,hermine.bosco@yahoo.com,2017-06-20 01:49:20,2018-11-14 12:06:15,"PATIENT"
90,Branden,Schiller,1998-04-15 19:17:46,Ethiopia,marcelina.stanton@gmail.com,2018-05-06 04:55:06,2020-03-03 23:31:20,"PATIENT"
91,Jacinta,Jerde,1992-06-17 22:30:51,USA,leroy.hilll@yahoo.com,2019-09-17 03:30:37,2019-12-21 17:08:31,"DOCTOR"
92,Curt,Kshlerin,2001-09-14 14:27:01,Nigeria,aleisha.swift@yahoo.com,2016-11-21 11:33:23,2020-04-10 09:30:14,"DOCTOR"
93,Alta,Littel,1981-02-06 22:52:36,USA,rex.wehner@gmail.com,2018-06-16 13:29:38,2019-07-01 17:22:17,"DOCTOR"
94,Gene,Altenwerth,1994-11-14 00:01:24,Nepal,eugenio.barrows@hotmail.com,2018-03-25 16:11:29,2019-11-21 10:37:25,"DOCTOR"
95,Toby,King,1988-09-19 12:52:03,Ethiopia,marcia.bartell@gmail.com,2019-07-13 11:34:38,2020-01-15 15:35:29,"PATIENT"
96,Solange,Homenick,1992-11-07 06:07:40,Nepal,minh.murray@hotmail.com,2019-04-02 14:26:07,2019-04-22 12:25:07,"PATIENT"
97,Brenton,Strosin,1970-11-25 17:19:56,Nigeria,shawana.jakubowski@gmail.com,2015-05-13 07:27:46,2017-08-30 09:24:04,"PATIENT"
98,Izetta,Kuphal,1991-04-27 10:55:57,Ethiopia,lissette.glover@yahoo.com,2019-04-02 08:34:05,2020-01-25 07:13:54,"PATIENT"
99,Fredricka,Pollich,1986-02-20 03:50:47,USA,estella.okon@hotmail.com,2019-12-30 22:47:27,2020-03-29 17:07:25,"PATIENT"
100,Isaias,Green,1992-06-20 21:54:48,Ethiopia,elicia.bechtelar@hotmail.com,2017-02-02 19:37:56,2019-07-21 04:04:53,"DOCTOR"
101,Basilia,Crooks,1972-11-14 08:09:32,USA,myron.pfannerstill@hotmail.com,2018-02-05 15:08:41,2019-07-09 08:23:28,"PATIENT"
102,Jetta,Schiller,1975-03-09 21:18:34,Nigeria,barton.homenick@yahoo.com,2015-11-21 21:23:17,2020-03-16 10:53:21,"PATIENT"
103,Leonard,Hessel,1997-12-18 18:02:43,Nigeria,melanie.leannon@yahoo.com,2017-07-29 11:53:12,2017-10-31 15:24:10,"DOCTOR"
104,Hank,Hansen,1996-02-22 09:13:56,Nepal,sudie.cormier@yahoo.com,2016-10-25 09:34:32,2019-04-24 14:40:51,"PATIENT"
105,Douglas,Cole,1985-04-26 07:16:42,USA,everette.waelchi@hotmail.com,2019-12-17 03:12:23,2020-01-05 14:07:36,"PATIENT"
106,Dennis,Larkin,1986-09-05 00:07:46,Nigeria,rigoberto.hegmann@hotmail.com,2018-06-04 13:42:09,2019-07-25 03:32:59,"DOCTOR"
107,Adella,Hessel,1970-10-14 18:09:04,USA,royal.ward@yahoo.com,2017-11-14 03:06:27,2018-10-27 20:20:37,"DOCTOR"
108,Coretta,Batz,1984-01-14 15:41:41,Nigeria,racquel.ritchie@yahoo.com,2018-03-10 16:09:07,2018-07-11 01:06:50,"DOCTOR"
109,Eboni,Gutkowski,1978-01-20 00:32:39,Ethiopia,chi.shanahan@hotmail.com,2015-12-12 17:18:01,2018-03-18 14:36:54,"PATIENT"
110,Jewel,Nienow,1970-07-16 03:57:57,USA,jamel.ankunding@yahoo.com,2016-11-23 07:16:03,2020-01-15 01:06:03,"DOCTOR"
111,Travis,Cummings,1973-07-27 11:48:26,Ethiopia,felton.wolf@hotmail.com,2020-02-08 07:48:46,2020-03-12 01:08:07,"DOCTOR"
112,Bethann,Prosacco,1997-02-20 07:05:14,Ethiopia,bryon.schimmel@yahoo.com,2015-12-31 00:25:29,2016-12-09 02:21:14,"DOCTOR"
113,Violette,Rosenbaum,2000-02-04 05:48:12,Ethiopia,dean.wilderman@gmail.com,2015-07-28 06:58:09,2018-06-30 09:30:09,"DOCTOR"
114,Xavier,Haag,2003-10-17 08:15:20,USA,geneva.bernier@hotmail.com,2020-03-03 00:40:01,2020-03-03 08:41:28,"PATIENT"
115,Connie,Abernathy,1999-07-06 14:45:52,USA,ruthann.botsford@hotmail.com,2018-07-24 11:56:25,2018-11-05 17:51:30,"PATIENT"
116,Dannie,Beatty,1979-04-24 08:53:38,Nigeria,willard.nienow@gmail.com,2017-08-05 18:24:52,2017-09-24 19:08:29,"PATIENT"
117,Kiersten,Murray,1991-11-25 16:06:19,USA,wendy.hermiston@hotmail.com,2019-05-30 22:27:47,2019-08-11 06:14:43,"DOCTOR"
118,Patrick,Pouros,1977-01-25 15:33:38,Nepal,jessi.pacocha@hotmail.com,2017-04-02 17:47:47,2018-04-30 15:03:22,"DOCTOR"
119,Lakesha,Murray,1986-11-12 05:38:26,Ethiopia,denny.dietrich@hotmail.com,2019-11-07 00:57:24,2020-02-12 07:38:51,"PATIENT"
120,Monique,Ankunding,2001-02-26 15:58:22,Ethiopia,reyes.harvey@yahoo.com,2015-12-05 08:43:26,2020-01-24 08:42:16,"PATIENT"
121,Darcel,Nienow,1992-11-25 00:21:50,USA,ruthie.mertz@yahoo.com,2016-12-08 22:09:13,2019-09-09 17:17:32,"DOCTOR"
122,Mario,Christiansen,1992-07-07 07:59:36,Nepal,hosea.gulgowski@hotmail.com,2019-12-05 20:40:58,2020-04-06 15:24:31,"PATIENT"
123,Raymond,Jast,1999-08-14 23:37:46,Ethiopia,rosamaria.bartoletti@yahoo.com,2019-05-25 02:46:13,2020-03-03 22:52:56,"DOCTOR"
124,Vern,Leffler,1996-09-23 01:55:21,USA,kum.welch@yahoo.com,2018-01-22 16:14:00,2019-12-18 06:39:36,"DOCTOR"
125,Becky,Douglas,2001-01-16 04:45:49,USA,philip.okuneva@hotmail.com,2015-10-01 04:22:31,2017-07-02 01:49:40,"PATIENT"
126,Joseph,Wintheiser,2006-04-27 11:57:06,Ethiopia,vena.bayer@hotmail.com,2016-09-02 14:06:03,2017-11-11 02:08:23,"PATIENT"
127,Leland,Friesen,2004-06-25 19:21:21,USA,vernia.jacobs@yahoo.com,2015-11-24 20:31:59,2019-04-25 20:51:00,"DOCTOR"
128,Etha,Lehner,1977-08-27 23:30:40,Ethiopia,rowena.schmitt@yahoo.com,2019-12-03 17:04:29,2020-03-03 00:08:23,"PATIENT"
129,Eilene,Keebler,1979-05-09 04:56:51,Ethiopia,edythe.jakubowski@yahoo.com,2019-11-07 14:23:15,2020-03-30 12:37:28,"PATIENT"
130,Berry,Swaniawski,1974-01-28 02:39:58,Ethiopia,enoch.jaskolski@gmail.com,2017-10-25 08:13:22,2018-08-28 19:17:18,"DOCTOR"
131,Steven,Towne,1984-07-03 01:15:18,Ethiopia,delmer.zieme@gmail.com,2019-04-07 10:59:36,2020-02-12 16:32:54,"PATIENT"
132,Tanesha,Carter,1995-07-09 01:11:06,Ethiopia,long.gutmann@hotmail.com,2015-12-14 00:47:19,2016-10-14 22:37:05,"PATIENT"
133,Rossie,Ortiz,1992-02-06 19:22:38,Nigeria,kristy.blick@yahoo.com,2019-02-18 03:08:17,2019-05-24 11:37:01,"PATIENT"
134,Gabriela,Cruickshank,1996-11-29 21:52:46,USA,tashia.rippin@gmail.com,2016-04-11 23:16:01,2020-01-17 02:48:52,"PATIENT"
135,Kristen,Predovic,2005-08-29 00:12:07,Nepal,sam.stroman@hotmail.com,2019-02-28 14:33:19,2019-07-18 11:59:54,"DOCTOR"
136,Carl,Bednar,1973-07-04 11:17:36,Nepal,chet.olson@gmail.com,2019-06-18 23:40:24,2019-06-29 16:33:55,"PATIENT"
137,Ambrose,Schaefer,2000-08-09 08:02:22,USA,marti.hane@hotmail.com,2020-01-28 11:51:04,2020-04-11 15:00:22,"PATIENT"
138,Shane,Reynolds,1988-08-18 07:05:19,Nigeria,piedad.kuphal@gmail.com,2016-02-06 02:16:13,2019-01-01 13:20:13,"PATIENT"
139,Geoffrey,Baumbach,1993-09-29 12:41:16,USA,clay.hilll@hotmail.com,2016-11-13 12:08:07,2017-10-20 10:21:04,"PATIENT"
140,Jeremiah,Crooks,2000-03-14 09:38:18,Nigeria,pablo.lemke@yahoo.com,2019-05-17 09:05:11,2019-09-03 23:03:08,"DOCTOR"
141,Booker,Mertz,1990-05-20 09:45:52,USA,rutha.mohr@gmail.com,2017-04-22 02:40:26,2020-02-06 18:17:55,"PATIENT"
142,Rolf,Kertzmann,2003-04-01 20:07:04,Ethiopia,ulysses.hodkiewicz@gmail.com,2015-07-17 10:43:22,2020-01-24 22:59:59,"PATIENT"
143,Lucretia,Mosciski,2000-04-11 12:03:22,Ethiopia,don.von@gmail.com,2017-07-29 11:14:37,2017-08-01 06:51:33,"PATIENT"
144,Melita,Quigley,1982-02-08 10:23:21,USA,shane.howe@hotmail.com,2016-09-26 00:30:39,2019-01-15 16:31:04,"PATIENT"
145,Joesph,Ebert,1991-10-30 20:25:04,Nepal,hoyt.hahn@hotmail.com,2015-07-04 16:38:36,2018-12-13 05:11:59,"PATIENT"
146,Lisha,Jones,2003-05-23 14:19:28,Nepal,terica.halvorson@gmail.com,2016-10-24 00:04:12,2017-11-29 02:53:42,"PATIENT"
147,Herschel,Brakus,1976-09-07 01:52:54,USA,cherrie.anderson@yahoo.com,2020-01-29 19:34:46,2020-02-10 18:03:23,"PATIENT"
148,Georgene,Heidenreich,1972-03-14 15:01:19,Nepal,jeane.kulas@gmail.com,2017-06-17 00:20:53,2018-03-03 21:02:27,"PATIENT"
149,Stella,Schmeler,2000-03-02 16:58:05,Nepal,magaly.homenick@yahoo.com,2015-05-18 10:02:30,2018-06-15 06:31:21,"PATIENT"
150,Dale,Mann,1993-05-11 22:07:15,Nigeria,lili.feest@gmail.com,2017-03-04 14:06:07,2019-04-07 10:23:26,"PATIENT"
151,Donetta,Torphy,1991-01-02 15:40:45,Nigeria,neal.hilll@yahoo.com,2015-06-25 21:58:18,2016-11-30 20:24:56,"PATIENT"
152,Fay,Rowe,1997-12-01 17:33:54,Nepal,glady.gorczany@hotmail.com,2018-04-07 12:48:33,2018-12-07 13:49:06,"PATIENT"
153,Reena,Metz,1971-11-21 17:55:44,USA,lonny.reinger@hotmail.com,2017-10-17 13:37:58,2019-10-27 20:27:33,"PATIENT"
154,Elliot,Skiles,1998-07-02 12:19:17,Nigeria,vanda.mohr@hotmail.com,2015-06-02 00:28:04,2018-06-26 17:16:27,"DOCTOR"
155,Laurence,Kautzer,1996-07-13 22:53:31,Nigeria,earle.huel@yahoo.com,2018-06-19 13:37:56,2019-03-04 04:50:58,"DOCTOR"
156,Raphael,Feest,1996-08-10 02:29:23,Ethiopia,dino.thompson@gmail.com,2015-08-05 10:21:15,2016-09-07 21:02:32,"DOCTOR"
157,Nicki,Rogahn,1977-02-28 04:38:32,USA,shirl.nicolas@yahoo.com,2017-11-04 13:39:39,2019-12-30 12:38:12,"DOCTOR"
158,Aurelio,Kessler,1974-07-03 16:29:11,USA,forrest.fisher@yahoo.com,2020-04-04 06:15:58,2020-04-07 21:31:59,"PATIENT"
159,Olen,Klein,1974-06-20 09:27:27,Ethiopia,jerome.barrows@hotmail.com,2017-06-07 20:34:00,2017-08-21 22:21:01,"DOCTOR"
160,Svetlana,Klocko,1980-07-01 15:21:59,Ethiopia,rosette.haley@hotmail.com,2015-11-09 15:54:39,2017-06-25 22:54:44,"DOCTOR"
161,Kelsi,Russel,1982-09-22 07:50:15,Nepal,frederic.lemke@gmail.com,2019-11-10 17:59:53,2019-12-20 12:11:45,"DOCTOR"
162,David,Kessler,1983-09-27 00:15:42,USA,coy.armstrong@gmail.com,2015-04-13 21:52:10,2019-07-08 01:37:35,"PATIENT"
163,Tina,Corkery,1975-11-03 01:44:36,Ethiopia,garfield.rempel@gmail.com,2019-07-20 06:25:23,2020-02-22 13:17:28,"PATIENT"
164,Nidia,DuBuque,1990-10-04 09:10:55,Nepal,gail.abernathy@gmail.com,2019-02-09 07:07:02,2020-01-13 11:09:31,"DOCTOR"
165,Kenda,Reichert,1992-08-06 03:08:55,Nepal,delmer.cronin@hotmail.com,2020-03-26 07:40:10,2020-04-12 08:44:58,"PATIENT"
166,Alice,Kutch,1995-01-29 19:22:56,Nepal,gail.oconner@gmail.com,2018-06-12 14:49:46,2020-01-26 01:35:48,"PATIENT"
167,Antone,Wolf,1975-02-05 02:31:11,Ethiopia,nilda.jenkins@gmail.com,2018-03-18 08:12:22,2018-04-30 15:45:28,"PATIENT"
168,Rene,Feeney,1974-02-25 16:49:53,USA,renda.kozey@yahoo.com,2017-12-19 22:44:21,2018-02-14 09:03:08,"DOCTOR"
169,Alexander,Runolfsdottir,1992-09-29 23:40:51,Nepal,sherika.gerhold@gmail.com,2016-07-28 21:43:47,2017-03-01 19:25:12,"PATIENT"
170,Clement,O'Connell,1982-04-28 04:22:06,Nigeria,celinda.walker@yahoo.com,2019-07-02 18:29:14,2019-09-15 22:39:53,"PATIENT"
171,Jeromy,Heathcote,1986-03-03 14:52:55,Nepal,clay.tromp@gmail.com,2016-01-07 22:26:23,2017-11-22 04:05:17,"PATIENT"
172,Cyndi,Leuschke,1994-01-17 01:56:42,Nigeria,shaunna.howe@gmail.com,2018-05-26 20:43:00,2018-08-01 11:59:08,"DOCTOR"
173,Malissa,Quigley,1990-11-30 20:48:24,Nepal,palma.gislason@gmail.com,2017-10-01 12:13:26,2019-11-03 01:52:50,"PATIENT"
174,Magaly,Dicki,2000-01-30 10:43:49,Nigeria,jarred.greenfelder@yahoo.com,2018-12-08 21:38:57,2019-07-23 12:47:39,"PATIENT"
175,Ilene,O'Connell,1986-10-20 03:53:01,Nigeria,bobby.carter@yahoo.com,2018-04-22 15:26:48,2019-06-26 16:58:37,"PATIENT"
176,Stacia,Kling,1973-06-11 11:46:03,USA,dannie.olson@yahoo.com,2016-11-14 21:08:32,2017-03-27 21:08:03,"PATIENT"
177,Chauncey,Crooks,1999-11-01 13:59:26,Nigeria,cornelius.homenick@gmail.com,2018-02-02 23:45:55,2019-10-30 15:05:33,"DOCTOR"
178,Clifford,Bosco,1984-04-02 12:52:47,Ethiopia,oscar.leffler@hotmail.com,2018-11-26 10:18:24,2020-03-02 15:01:34,"PATIENT"
179,Bruna,Ritchie,1976-06-07 23:53:52,Nigeria,crystle.bailey@yahoo.com,2018-02-10 07:43:10,2019-11-12 13:55:04,"PATIENT"
180,Jermaine,Predovic,1970-06-17 00:27:32,USA,cesar.schneider@gmail.com,2016-12-11 16:48:29,2018-01-16 09:48:33,"DOCTOR"
181,Ashlee,Legros,1979-04-28 03:59:19,Ethiopia,noah.johns@yahoo.com,2019-02-13 06:46:19,2019-10-10 03:59:21,"DOCTOR"
182,Hayden,Jacobi,1982-04-23 06:30:45,USA,wiley.toy@yahoo.com,2019-03-31 12:17:35,2019-07-17 09:28:26,"PATIENT"
183,Earl,Ward,1973-04-10 15:48:37,USA,lawrence.walter@hotmail.com,2017-10-06 00:49:46,2018-07-25 11:35:16,"PATIENT"
184,Gisela,Kuhlman,1973-02-26 03:34:46,Nepal,marylin.koelpin@gmail.com,2016-05-05 03:52:37,2017-06-23 07:21:21,"DOCTOR"
185,Collette,Howe,1987-04-28 05:20:19,Nepal,donny.hamill@gmail.com,2017-09-19 23:50:04,2018-09-12 13:20:12,"DOCTOR"
186,Ronnie,Donnelly,2006-04-08 02:02:18,Nepal,monte.krajcik@gmail.com,2020-04-05 02:09:20,2020-04-11 04:02:46,"PATIENT"
187,Kelly,Greenholt,1974-04-01 07:49:41,USA,houston.kuhlman@hotmail.com,2017-05-16 02:58:25,2019-04-09 02:36:23,"PATIENT"
188,Sid,Konopelski,1984-10-16 12:21:23,Nigeria,ione.dubuque@gmail.com,2015-10-02 05:40:45,2015-11-27 20:53:04,"PATIENT"
189,Terry,Zulauf,1972-07-27 17:03:53,Ethiopia,titus.hermann@hotmail.com,2018-07-07 14:32:14,2019-03-25 16:12:51,"DOCTOR"
190,Micah,Boehm,2006-03-07 21:43:08,Nepal,shirley.sipes@hotmail.com,2017-03-06 07:59:15,2018-08-06 22:26:18,"PATIENT"
191,Ronnie,Berge,1991-08-23 15:36:54,Nepal,geraldo.thiel@gmail.com,2017-07-14 13:01:16,2019-11-10 10:18:51,"PATIENT"
192,Rich,Terry,2004-09-15 03:08:25,Nigeria,maynard.reilly@gmail.com,2018-09-07 18:51:12,2019-01-18 20:18:11,"PATIENT"
193,Harland,Morar,1974-12-27 07:28:40,Ethiopia,chana.wiegand@gmail.com,2016-06-05 18:38:39,2017-08-03 04:13:09,"PATIENT"
194,Cliff,Nader,1992-09-08 17:59:21,USA,lara.hudson@yahoo.com,2019-06-22 21:15:41,2019-12-15 08:26:35,"PATIENT"
195,Chuck,Veum,1980-03-22 08:12:19,Nepal,dena.huels@yahoo.com,2015-07-11 17:54:35,2020-04-09 19:21:59,"PATIENT"
196,Wesley,Powlowski,1998-06-29 21:40:38,Nepal,janiece.kirlin@yahoo.com,2019-10-06 22:55:18,2019-10-30 10:42:10,"DOCTOR"
197,Justina,Grant,1997-04-23 10:36:16,Ethiopia,hyun.halvorson@hotmail.com,2017-11-30 03:21:53,2019-05-23 20:14:12,"PATIENT"
198,Isiah,Larkin,1996-01-03 10:01:10,Nepal,joi.zemlak@gmail.com,2020-02-14 22:20:38,2020-03-01 14:02:43,"PATIENT"
199,Leland,Jast,1995-07-02 22:52:56,Ethiopia,gia.kessler@hotmail.com,2020-03-11 04:16:02,2020-04-07 17:26:57,"PATIENT"
200,Odell,Little,1995-12-24 19:49:51,Ethiopia,hosea.collier@gmail.com,2018-11-27 09:08:46,2019-01-27 12:00:06,"PATIENT"
